crt.sh ID,Logged At,Not Before,Not After,Common Name,Matching Identities,Issuer Name
468211,2013-03-26,2013-02-01,2015-03-03,"www.pnbindia.in","www.pnbindia.in","C=US, O=\"VeriSign, Inc.\", OU=VeriSign Trust Network, OU=Terms of use at https://www.verisign.com/rpa (c)10, CN=VeriSign Class 3 International Server CA - G3"
6622071,2015-02-25,2015-02-25,2017-03-26,"www.pnbindia.in","pnbindia.in
www.pnbindia.in","C=US, O=Symantec Corporation, OU=Symantec Trust Network, CN=Symantec Class 3 EV SSL CA - G3"
6700887,2015-03-04,2015-02-25,2017-03-26,"www.pnbindia.in","pnbindia.in
www.pnbindia.in","C=US, O=Symantec Corporation, OU=Symantec Trust Network, CN=Symantec Class 3 EV SSL CA - G3"
6846849,2015-03-18,2015-03-18,2017-04-16,"www.pnbindia.in","pnbindia.in
www.pnbindia.in","C=US, O=Symantec Corporation, OU=Symantec Trust Network, CN=Symantec Class 3 EV SSL CA - G3"
6903018,2015-03-22,2015-03-18,2017-04-16,"www.pnbindia.in","pnbindia.in
www.pnbindia.in","C=US, O=Symantec Corporation, OU=Symantec Trust Network, CN=Symantec Class 3 EV SSL CA - G3"
10866705,2015-11-24,2015-11-24,2017-04-16,"www.pnbindia.in","pnbindia.in
www.pnbindia.in","C=US, O=Symantec Corporation, OU=Symantec Trust Network, CN=Symantec Class 3 EV SSL CA - G3"
10902149,2015-11-26,2015-11-24,2017-04-16,"www.pnbindia.in","pnbindia.in
www.pnbindia.in","C=US, O=Symantec Corporation, OU=Symantec Trust Network, CN=Symantec Class 3 EV SSL CA - G3"
27423963,2016-08-09,2016-08-09,2017-04-16,"www.pnbindia.in","pnbindia.in
www.pnbindia.in","C=US, O=Symantec Corporation, OU=Symantec Trust Network, CN=Symantec Class 3 EV SSL CA - G3"
27977157,2016-08-11,2016-08-09,2017-04-16,"www.pnbindia.in","pnbindia.in
www.pnbindia.in","C=US, O=Symantec Corporation, OU=Symantec Trust Network, CN=Symantec Class 3 EV SSL CA - G3"
39268992,2016-10-02,2011-01-28,2013-01-27,"www.pnbindia.in","www.pnbindia.in","C=US, O=\"VeriSign, Inc.\", OU=VeriSign Trust Network, OU=Terms of use at https://www.verisign.com/rpa (c)10, CN=VeriSign Class 3 International Server CA - G3"
109996678,2017-03-29,2017-03-29,2019-05-28,"www.pnbindia.in","pnbindia.in
www.pnbindia.in","C=US, O=Symantec Corporation, OU=Symantec Trust Network, CN=Symantec Class 3 EV SSL CA - G3"
111848522,2017-04-02,2017-03-29,2019-05-28,"www.pnbindia.in","pnbindia.in
www.pnbindia.in","C=US, O=Symantec Corporation, OU=Symantec Trust Network, CN=Symantec Class 3 EV SSL CA - G3"
724378065,2018-09-07,2018-09-07,2019-05-28,"www.pnbindia.in","pnbindia.in
www.pnbindia.in","C=US, O=DigiCert Inc, OU=www.digicert.com, CN=DigiCert SHA2 Extended Validation Server CA"
735646896,2018-09-11,2018-09-07,2019-05-28,"www.pnbindia.in","pnbindia.in
www.pnbindia.in","C=US, O=DigiCert Inc, OU=www.digicert.com, CN=DigiCert SHA2 Extended Validation Server CA"
1444454242,2019-05-08,2019-05-08,2021-06-27,"www.pnbindia.in","pnbindia.in
www.pnbindia.in","C=BE, O=GlobalSign nv-sa, CN=GlobalSign Extended Validation CA - SHA256 - G3"
1452636025,2019-05-09,2019-05-08,2021-06-27,"www.pnbindia.in","pnbindia.in
www.pnbindia.in","C=BE, O=GlobalSign nv-sa, CN=GlobalSign Extended Validation CA - SHA256 - G3"
1523774776,2019-05-30,2019-05-30,2021-06-27,"www.pnbindia.in","pnbindia.in
www.pnbindia.in","C=BE, O=GlobalSign nv-sa, CN=GlobalSign Extended Validation CA - SHA256 - G3"
1618961831,2019-06-28,2019-05-30,2021-06-27,"www.pnbindia.in","pnbindia.in
www.pnbindia.in","C=BE, O=GlobalSign nv-sa, CN=GlobalSign Extended Validation CA - SHA256 - G3"
2807219007,2020-05-14,2020-05-14,2022-05-15,"pnbtfr.pnbindia.in","pnbtfr.pnbindia.in","C=BE, O=GlobalSign nv-sa, CN=GlobalSign Extended Validation CA - SHA256 - G3"
3823030733,2020-12-24,2020-12-24,2022-01-25,"instaloans.pnbindia.in","instaloans.pnbindia.in","C=BE, O=GlobalSign nv-sa, CN=GlobalSign Extended Validation CA - SHA256 - G3"
3964743348,2021-01-22,2021-01-22,2022-02-23,"eboard.pnbindia.in","eboard.pnbindia.in","C=BE, O=GlobalSign nv-sa, CN=GlobalSign Extended Validation CA - SHA256 - G3"
4054773966,2021-02-09,2021-02-09,2022-03-13,"depository.pnbindia.in","depository.pnbindia.in","C=BE, O=GlobalSign nv-sa, CN=GlobalSign Extended Validation CA - SHA256 - G3"
4068469533,2021-02-12,2021-02-12,2022-03-16,"onlinesb.pnbindia.in","onlinesb.pnbindia.in","C=BE, O=GlobalSign nv-sa, CN=GlobalSign Extended Validation CA - SHA256 - G3"
4068469717,2021-02-12,2021-02-12,2022-03-16,"onlinesb-cc.pnbindia.in","onlinesb-cc.pnbindia.in","C=BE, O=GlobalSign nv-sa, CN=GlobalSign Extended Validation CA - SHA256 - G3"
4083134437,2021-02-15,2021-02-15,2022-03-19,"onlinesb-vcs.pnbindia.in","onlinesb-vcs.pnbindia.in","C=BE, O=GlobalSign nv-sa, CN=GlobalSign Extended Validation CA - SHA256 - G3"
4115807368,2021-02-22,2021-02-22,2022-03-26,"uatonlinesb.pnbindia.in","uatonlinesb.pnbindia.in","C=BE, O=GlobalSign nv-sa, CN=GlobalSign Extended Validation CA - SHA256 - G3"
4243290160,2021-03-20,2021-03-20,2022-04-21,"onlinesb-mps.pnbindia.in","onlinesb-mps.pnbindia.in","C=BE, O=GlobalSign nv-sa, CN=GlobalSign Extended Validation CA - SHA256 - G3"
4547169672,2021-05-18,2021-05-18,2022-06-19,"analytics.pnbindia.in","analytics.pnbindia.in","C=BE, O=GlobalSign nv-sa, CN=GlobalSign Extended Validation CA - SHA256 - G3"
4754655258,2021-06-24,2021-06-24,2022-06-28,"www.pnbindia.in","www.pnbindia.in","C=US, O=DigiCert Inc, OU=www.digicert.com, CN=GeoTrust EV RSA CA 2018"
4759526717,2021-06-25,2021-06-25,2022-06-28,"www.pnbindia.in","pnbindia.in
www.pnbindia.in","C=US, O=DigiCert Inc, OU=www.digicert.com, CN=GeoTrust EV RSA CA 2018"
4759544903,2021-06-25,2021-06-25,2022-06-28,"www.pnbindia.in","pnbindia.in
www.pnbindia.in","C=US, O=DigiCert Inc, OU=www.digicert.com, CN=GeoTrust EV RSA CA 2018"
4823861898,2021-07-07,2021-07-07,2022-07-11,"pfms.pnbindia.in","pfms.pnbindia.in","C=US, O=DigiCert Inc, OU=www.digicert.com, CN=GeoTrust EV RSA CA 2018"
4942240626,2021-07-28,2021-07-28,2022-07-28,"slbcdelhi.pnbindia.in","slbcdelhi.pnbindia.in","C=US, O=DigiCert Inc, OU=www.digicert.com, CN=GeoTrust EV RSA CA 2018"
4947331457,2021-07-29,2021-07-29,2022-07-29,"slbcdataportal.pnbindia.in","slbcdataportal.pnbindia.in","C=US, O=DigiCert Inc, OU=www.digicert.com, CN=GeoTrust EV RSA CA 2018"
4948453592,2021-07-29,2021-07-29,2022-07-29,"slbcbengal.pnbindia.in","slbcbengal.pnbindia.in","C=US, O=DigiCert Inc, OU=www.digicert.com, CN=GeoTrust EV RSA CA 2018"
4948463299,2021-07-29,2021-07-29,2022-07-29,"slbctripura.pnbindia.in","slbctripura.pnbindia.in","C=US, O=DigiCert Inc, OU=www.digicert.com, CN=GeoTrust EV RSA CA 2018"
5057323196,2021-08-17,2021-08-17,2022-08-17,"uatckycr.pnbindia.in","uatckycr.pnbindia.in
www.uatckycr.pnbindia.in","C=US, O=DigiCert Inc, OU=www.digicert.com, CN=GeoTrust EV RSA CA 2018"
5082402296,2021-08-21,2021-08-21,2022-08-17,"uatckycr.pnbindia.in","uatckycr.pnbindia.in
www.uatckycr.pnbindia.in","C=US, O=DigiCert Inc, OU=www.digicert.com, CN=GeoTrust EV RSA CA 2018"
5137208258,2021-08-31,2021-08-31,2022-08-31,"slbcchandigarh.pnbindia.in","slbcchandigarh.pnbindia.in
www.slbcchandigarh.pnbindia.in","C=US, O=DigiCert Inc, OU=www.digicert.com, CN=GeoTrust EV RSA CA 2018"
5137221809,2021-08-31,2021-08-31,2022-07-29,"slbctripura.pnbindia.in","slbctripura.pnbindia.in
www.slbctripura.pnbindia.in","C=US, O=DigiCert Inc, OU=www.digicert.com, CN=GeoTrust EV RSA CA 2018"
5137244075,2021-08-31,2021-08-31,2022-07-29,"slbcbengal.pnbindia.in","slbcbengal.pnbindia.in
www.slbcbengal.pnbindia.in","C=US, O=DigiCert Inc, OU=www.digicert.com, CN=GeoTrust EV RSA CA 2018"
5137707558,2021-08-31,2021-08-31,2022-07-28,"slbcdelhi.pnbindia.in","slbcdelhi.pnbindia.in
www.slbcdelhi.pnbindia.in","C=US, O=DigiCert Inc, OU=www.digicert.com, CN=GeoTrust EV RSA CA 2018"
5189017720,2021-09-09,2021-09-09,2022-09-09,"uatckycr-admin.pnbindia.in","uatckycr-admin.pnbindia.in
www.uatkycr-admin.pnbindia.in","C=US, O=DigiCert Inc, OU=www.digicert.com, CN=GeoTrust EV RSA CA 2018"
5189030813,2021-09-09,2021-09-09,2022-09-09,"uatckycr-admin.pnbindia.in","uatckycr-admin.pnbindia.in
www.uatckycr-admin.pnbindia.in","C=US, O=DigiCert Inc, OU=www.digicert.com, CN=GeoTrust EV RSA CA 2018"
5189173641,2021-09-09,2021-09-09,2022-09-09,"uatckycr-admin.pnbindia.in","uatckycr-admin.pnbindia.in
www.uatckycr-admin.pnbindia.in","C=US, O=DigiCert Inc, OU=www.digicert.com, CN=GeoTrust EV RSA CA 2018"
5223589746,2021-09-15,2021-09-15,2022-09-15,"uat.pnbindia.in","uat.pnbindia.in
www.uat.pnbindia.in","C=US, O=DigiCert Inc, OU=www.digicert.com, CN=GeoTrust EV RSA CA 2018"
5358995672,2021-10-06,2021-10-06,2022-10-06,"pa.pnbindia.in","pa.pnbindia.in
www.pa.pnbindia.in","C=US, O=DigiCert Inc, OU=www.digicert.com, CN=GeoTrust EV RSA CA 2018"
5448451635,2021-10-20,2021-10-20,2022-07-29,"slbcdataportal.pnbindia.in","slbcdataportal.pnbindia.in
www.slbcdataportal.pnbindia.in","C=US, O=DigiCert Inc, OU=www.digicert.com, CN=GeoTrust EV RSA CA 2018"
5590262600,2021-11-12,2021-11-12,2022-11-15,"ckycr-admin.pnbindia.in","ckycr-admin.pnbindia.in
www.ckycr-admin.pnbindia.in","C=US, O=DigiCert Inc, OU=www.digicert.com, CN=GeoTrust EV RSA CA 2018"
5962357382,2022-01-12,2022-01-12,2023-01-12,"uatinstaloans.pnbindia.in","uatinstaloans.pnbindia.in
www.uatinstaloans.pnbindia.in","C=US, O=DigiCert Inc, OU=www.digicert.com, CN=GeoTrust EV RSA CA 2018"
6038789740,2022-01-24,2022-01-24,2023-01-24,"uatdepository.pnbindia.in","uatdepository.pnbindia.in
www.uatdepository.pnbindia.in","C=US, O=DigiCert Inc, OU=www.digicert.com, CN=GeoTrust EV RSA CA 2018"
6038789864,2022-01-24,2022-01-24,2023-01-24,"uatdepository.pnbindia.in","uatdepository.pnbindia.in
www.uatdepository.pnbindia.in","C=US, O=DigiCert Inc, OU=www.digicert.com, CN=GeoTrust EV RSA CA 2018"
6045717135,2022-01-25,2022-01-25,2023-01-25,"instaloans.pnbindia.in","instaloans.pnbindia.in
www.instaloans.pnbindia.in","C=US, O=DigiCert Inc, OU=www.digicert.com, CN=GeoTrust EV RSA CA 2018"
6104523997,2022-02-04,2022-02-04,2023-02-03,"testpfms.pnbindia.in","testpfms.pnbindia.in
www.testpfms.pnbindia.in","C=US, O=DigiCert Inc, OU=www.digicert.com, CN=GeoTrust EV RSA CA 2018"
6104532190,2022-02-04,2022-02-04,2023-02-03,"apitestpfms.pnbindia.in","apitestpfms.pnbindia.in","C=US, O=DigiCert Inc, OU=www.digicert.com, CN=GeoTrust EV RSA CA 2018"
6222940116,2022-02-22,2022-02-22,2023-02-23,"apipnbpfms.pnbindia.in","apipnbpfms.pnbindia.in
www.apipnbpfms.pnbindia.in","C=US, O=DigiCert Inc, OU=www.digicert.com, CN=GeoTrust EV RSA CA 2018"
6222950979,2022-02-22,2022-02-22,2023-02-23,"pnbpfms.pnbindia.in","pnbpfms.pnbindia.in
www.pnbpfms.pnbindia.in","C=US, O=DigiCert Inc, OU=www.digicert.com, CN=GeoTrust EV RSA CA 2018"
6229944199,2022-02-23,2022-02-23,2023-02-23,"eboard.pnbindia.in","eboard.pnbindia.in
www.eboard.pnbindia.in","C=US, O=DigiCert Inc, OU=www.digicert.com, CN=GeoTrust EV RSA CA 2018"
6240614693,2022-02-25,2022-02-25,2023-02-23,"pnbpfms.pnbindia.in","apipnbpfms.pnbindia.in
pnbpfms.pnbindia.in
www.pnbpfms.pnbindia.in","C=US, O=DigiCert Inc, OU=www.digicert.com, CN=GeoTrust EV RSA CA 2018"
6240639946,2022-02-25,2022-02-25,2023-02-23,"pnbpfms.pnbindia.in","apipnbpfms.pnbindia.in
pnbpfms.pnbindia.in
www.pnbpfms.pnbindia.in","C=US, O=DigiCert Inc, OU=www.digicert.com, CN=GeoTrust EV RSA CA 2018"
6262728137,2022-03-01,2022-03-01,2023-02-23,"pnbpfms.pnbindia.in","apipnbpfms.pnbindia.in
pnbpfms.pnbindia.in
www.pnbpfms.pnbindia.in","C=US, O=DigiCert Inc, OU=www.digicert.com, CN=GeoTrust EV RSA CA 2018"
6296593335,2022-03-07,2022-03-07,2023-03-07,"depository.pnbindia.in","depository.pnbindia.in
www.depository.pnbindia.in","C=US, O=DigiCert Inc, OU=www.digicert.com, CN=GeoTrust EV RSA CA 2018"
6302728703,2022-03-08,2022-03-08,2023-03-08,"onlinesb.pnbindia.in","onlinesb.pnbindia.in
www.onlinesb.pnbindia.in","C=US, O=DigiCert Inc, OU=www.digicert.com, CN=GeoTrust EV RSA CA 2018"
6302741242,2022-03-08,2022-03-08,2023-03-08,"uatonlinesb.pnbindia.in","uatonlinesb.pnbindia.in
www.uatonlinesb.pnbindia.in","C=US, O=DigiCert Inc, OU=www.digicert.com, CN=GeoTrust EV RSA CA 2018"
6303671641,2022-03-08,2022-03-08,2023-03-08,"slbcuat.pnbindia.in","slbcuat.pnbindia.in
www.slbcuat.pnbindia.in","C=US, O=DigiCert Inc, OU=www.digicert.com, CN=GeoTrust EV RSA CA 2018"
6322757266,2022-03-11,2022-03-11,2023-03-07,"depository.pnbindia.in","depository.pnbindia.in
www.depository.pnbindia.in","C=US, O=DigiCert Inc, OU=www.digicert.com, CN=GeoTrust EV RSA CA 2018"
6346023807,2022-03-15,2022-03-15,2023-03-07,"depository.pnbindia.in","depository.pnbindia.in
www.depository.pnbindia.in","C=US, O=DigiCert Inc, OU=www.digicert.com, CN=GeoTrust EV RSA CA 2018"
6500580224,2022-04-08,2022-04-08,2023-04-12,"analytics.pnbindia.in","analytics.pnbindia.in
www.analytics.pnbindia.in","C=US, O=DigiCert Inc, OU=www.digicert.com, CN=GeoTrust EV RSA CA 2018"
6520613001,2022-04-11,2022-04-11,2023-04-12,"onlinesb-mps.pnbindia.in","onlinesb-mps.pnbindia.in
www.onlinesb-mps.pnbindia.in","C=US, O=DigiCert Inc, OU=www.digicert.com, CN=GeoTrust EV RSA CA 2018"
6520966468,2022-04-11,2022-04-11,2023-04-12,"analytics.pnbindia.in","analytics.pnbindia.in
www.analytics.pnbindia.in","C=US, O=DigiCert Inc, OU=www.digicert.com, CN=GeoTrust EV RSA CA 2018"
6521019575,2022-04-11,2022-04-11,2023-04-12,"analytics.pnbindia.in","analytics.pnbindia.in
www.analytics.pnbindia.in","C=US, O=DigiCert Inc, OU=www.digicert.com, CN=GeoTrust EV RSA CA 2018"
6625648911,2022-04-28,2022-04-28,2022-07-11,"pfms.pnbindia.in","pfms.pnbindia.in","C=US, O=DigiCert Inc, OU=www.digicert.com, CN=GeoTrust EV RSA CA 2018"
6660888526,2022-05-04,2022-05-04,2023-05-04,"pnbtfr.pnbindia.in","pnbtfr.pnbindia.in","C=US, O=DigiCert Inc, OU=www.digicert.com, CN=GeoTrust EV RSA CA 2018"
6744265918,2022-05-17,2022-05-17,2023-05-18,"pnbfirst.pnbindia.in","pnbfirst.pnbindia.in","C=US, O=DigiCert Inc, OU=www.digicert.com, CN=GeoTrust EV RSA CA 2018"
6793167555,2022-05-24,2022-05-24,2023-05-24,"uatonlinesb-mps.pnbindia.in","uatonlinesb-mps.pnbindia.in","C=US, O=DigiCert Inc, OU=www.digicert.com, CN=GeoTrust EV RSA CA 2018"
6945982498,2022-06-16,2022-06-16,2023-05-18,"pnbfirst.pnbindia.in","pnbfirst.pnbindia.in","C=US, O=DigiCert Inc, OU=www.digicert.com, CN=GeoTrust EV RSA CA 2018"
6989662210,2022-06-23,2022-06-23,2023-06-30,"www.pnbindia.in","pnbindia.in
www.pnbindia.in","C=US, O=DigiCert Inc, OU=www.digicert.com, CN=GeoTrust EV RSA CA 2018"
7046307819,2022-07-02,2022-07-02,2023-07-11,"pfms.pnbindia.in","pfms.pnbindia.in","C=US, O=DigiCert Inc, OU=www.digicert.com, CN=GeoTrust EV RSA CA 2018"
7107596200,2022-07-12,2022-07-12,2023-08-01,"slbcbengal.pnbindia.in","slbcbengal.pnbindia.in
www.slbcbengal.pnbindia.in","C=US, O=DigiCert Inc, OU=www.digicert.com, CN=GeoTrust EV RSA CA 2018"
7107682926,2022-07-12,2022-07-12,2023-08-01,"slbcdataportal.pnbindia.in","slbcdataportal.pnbindia.in
www.slbcdataportal.pnbindia.in","C=US, O=DigiCert Inc, OU=www.digicert.com, CN=GeoTrust EV RSA CA 2018"
7107689504,2022-07-12,2022-07-12,2023-07-28,"slbcdelhi.pnbindia.in","slbcdelhi.pnbindia.in
www.slbcdelhi.pnbindia.in","C=US, O=DigiCert Inc, OU=www.digicert.com, CN=GeoTrust EV RSA CA 2018"
7175594374,2022-07-22,2022-07-22,2023-04-11,"analytics.pnbindia.in","analytics.pnbindia.in
www.analytics.pnbindia.in","C=US, O=DigiCert Inc, OU=www.digicert.com, CN=GeoTrust EV RSA CA 2018"
7222813120,2022-07-29,2022-07-29,2023-08-01,"slbctripura.pnbindia.in","slbctripura.pnbindia.in
www.slbctripura.pnbindia.in","C=US, O=DigiCert Inc, OU=www.digicert.com, CN=GeoTrust EV RSA CA 2018"
7230198781,2022-07-30,2022-07-30,2023-08-01,"slbcharyana.pnbindia.in","slbcharyana.pnbindia.in","C=US, O=DigiCert Inc, OU=www.digicert.com, CN=GeoTrust EV RSA CA 2018"
7321523542,2022-08-12,2022-08-12,2023-08-15,"uatckycr.pnbindia.in","uatckycr.pnbindia.in","C=US, O=DigiCert Inc, OU=www.digicert.com, CN=GeoTrust EV RSA CA 2018"
7429173388,2022-08-29,2022-08-29,2023-08-30,"slbcchandigarh.pnbindia.in","slbcchandigarh.pnbindia.in","C=US, O=DigiCert Inc, OU=www.digicert.com, CN=GeoTrust EV RSA CA 2018"
7450315198,2022-09-01,2022-09-01,2023-09-12,"uatckycr-admin.pnbindia.in","uatckycr-admin.pnbindia.in
www.uatckycr-admin.pnbindia.in","C=US, O=DigiCert Inc, OU=www.digicert.com, CN=GeoTrust EV RSA CA 2018"
7450334695,2022-09-01,2022-09-01,2023-09-01,"pnbkisanuat.pnbindia.in","pnbkisanuat.pnbindia.in","C=US, O=DigiCert Inc, OU=www.digicert.com, CN=GeoTrust EV RSA CA 2018"
7450340999,2022-09-01,2022-09-01,2023-09-01,"pnbkisan.pnbindia.in","pnbkisan.pnbindia.in","C=US, O=DigiCert Inc, OU=www.digicert.com, CN=GeoTrust EV RSA CA 2018"
7537319737,2022-09-14,2022-09-14,2023-09-15,"smartbanking.pnbindia.in","smartbanking.pnbindia.in","C=US, O=DigiCert Inc, OU=www.digicert.com, CN=GeoTrust EV RSA CA 2018"
7581012513,2022-09-20,2022-09-20,2023-09-20,"kmt.pnbindia.in","kmt.pnbindia.in","C=US, O=DigiCert Inc, OU=www.digicert.com, CN=GeoTrust EV RSA CA 2018"
7600837554,2022-09-23,2022-09-23,2023-09-26,"uatkccrenewal.pnbindia.in","uatkccrenewal.pnbindia.in","C=US, O=DigiCert Inc, OU=www.digicert.com, CN=GeoTrust EV RSA CA 2018"
7634167664,2022-09-28,2022-09-28,2023-09-28,"pfmsrrb.pnbindia.in","pfmsrrb.pnbindia.in","C=US, O=DigiCert Inc, OU=www.digicert.com, CN=GeoTrust EV RSA CA 2018"
7668052959,2022-10-03,2022-10-03,2023-10-04,"kccrenewal.pnbindia.in","kccrenewal.pnbindia.in","C=US, O=DigiCert Inc, OU=www.digicert.com, CN=GeoTrust EV RSA CA 2018"
7690265380,2022-10-06,2022-10-06,2023-10-06,"icms.pnbindia.in","icms.pnbindia.in","C=US, O=DigiCert Inc, OU=www.digicert.com, CN=GeoTrust EV RSA CA 2018"
7690268869,2022-10-06,2022-10-06,2023-10-06,"icmsuat.pnbindia.in","icmsuat.pnbindia.in","C=US, O=DigiCert Inc, OU=www.digicert.com, CN=GeoTrust EV RSA CA 2018"
7973527855,2022-11-14,2022-11-14,2023-11-15,"ckycr-admin.pnbindia.in","ckycr-admin.pnbindia.in","C=US, O=DigiCert Inc, OU=www.digicert.com, CN=GeoTrust EV RSA CA 2018"
7981095124,2022-11-15,2022-11-15,2023-05-06,"pnbtfr.pnbindia.in","pnbtfr.pnbindia.in","C=US, O=DigiCert Inc, OU=www.digicert.com, CN=GeoTrust EV RSA CA 2018"
7985825567,2022-11-16,2022-11-16,2023-11-15,"ckycr-admin.pnbindia.in","ckycr-admin.pnbindia.in","C=US, O=DigiCert Inc, OU=www.digicert.com, CN=GeoTrust EV RSA CA 2018"
7994610640,2022-11-17,2022-11-17,2023-11-15,"ckycr-admin.pnbindia.in","ckycr-admin.pnbindia.in","C=US, O=DigiCert Inc, OU=www.digicert.com, CN=GeoTrust EV RSA CA 2018"
8026535843,2022-11-21,2022-11-21,2023-11-20,"pa.pnbindia.in","pa.pnbindia.in","C=US, O=DigiCert Inc, OU=www.digicert.com, CN=GeoTrust EV RSA CA 2018"
8050510034,2022-11-24,2022-11-24,2023-11-28,"slbcpunjab.pnbindia.in","slbcpunjab.pnbindia.in","C=US, O=DigiCert Inc, OU=www.digicert.com, CN=GeoTrust EV RSA CA 2018"
8057222642,2022-11-25,2022-11-25,2023-09-30,"pfmsrrb.pnbindia.in","pfmsrrb.pnbindia.in","C=US, O=DigiCert Inc, OU=www.digicert.com, CN=GeoTrust EV RSA CA 2018"
8095896082,2022-12-01,2022-12-01,2023-10-06,"icms.pnbindia.in","icms.pnbindia.in","C=US, O=DigiCert Inc, OU=www.digicert.com, CN=GeoTrust EV RSA CA 2018"
8152093093,2022-12-08,2022-12-08,2023-10-06,"icmsuat.pnbindia.in","icmsuat.pnbindia.in","C=US, O=DigiCert Inc, OU=www.digicert.com, CN=GeoTrust EV RSA CA 2018"
8363724592,2023-01-07,2023-01-07,2024-01-25,"instaloans.pnbindia.in","instaloans.pnbindia.in
www.instaloans.pnbindia.in","C=US, O=DigiCert Inc, OU=www.digicert.com, CN=GeoTrust EV RSA CA 2018"
8363727838,2023-01-07,2023-01-07,2024-01-12,"uatinstaloans.pnbindia.in","uatinstaloans.pnbindia.in
www.uatinstaloans.pnbindia.in","C=US, O=DigiCert Inc, OU=www.digicert.com, CN=GeoTrust EV RSA CA 2018"
8420706301,2023-01-16,2023-01-16,2024-01-24,"uatdepository.pnbindia.in","uatdepository.pnbindia.in
www.uatdepository.pnbindia.in","C=US, O=DigiCert Inc, OU=www.digicert.com, CN=GeoTrust EV RSA CA 2018"
8509985491,2023-01-27,2023-01-27,2024-02-06,"apitestpfms.pnbindia.in","apitestpfms.pnbindia.in","C=US, O=DigiCert Inc, OU=www.digicert.com, CN=GeoTrust EV RSA CA 2018"
8510109182,2023-01-27,2023-01-27,2024-02-06,"testpfms.pnbindia.in","testpfms.pnbindia.in
www.testpfms.pnbindia.in","C=US, O=DigiCert Inc, OU=www.digicert.com, CN=GeoTrust EV RSA CA 2018"
8540774890,2023-01-31,2023-01-31,2024-02-28,"pnbpfms.pnbindia.in","apipnbpfms.pnbindia.in
pnbpfms.pnbindia.in
www.pnbpfms.pnbindia.in","C=US, O=DigiCert Inc, OU=www.digicert.com, CN=GeoTrust EV RSA CA 2018"
8595684228,2023-02-07,2023-02-07,2024-02-23,"eboard.pnbindia.in","eboard.pnbindia.in
www.eboard.pnbindia.in","C=US, O=DigiCert Inc, OU=www.digicert.com, CN=GeoTrust EV RSA CA 2018"
8642179565,2023-02-13,2023-02-13,2024-03-08,"depository.pnbindia.in","depository.pnbindia.in
www.depository.pnbindia.in","C=US, O=DigiCert Inc, OU=www.digicert.com, CN=GeoTrust EV RSA CA 2018"
8695628797,2023-02-20,2023-02-20,2024-02-21,"digitallending.pnbindia.in","digitallending.pnbindia.in","C=US, O=DigiCert Inc, OU=www.digicert.com, CN=GeoTrust EV RSA CA 2018"
8704442987,2023-02-21,2023-02-21,2024-02-20,"uatdigitalca.pnbindia.in","uatdigitalca.pnbindia.in","C=US, O=DigiCert Inc, OU=www.digicert.com, CN=GeoTrust EV RSA CA 2018"
8757391634,2023-02-27,2023-02-27,2024-03-07,"onlinesb.pnbindia.in","onlinesb.pnbindia.in
www.onlinesb.pnbindia.in","C=US, O=DigiCert Inc, OU=www.digicert.com, CN=GeoTrust EV RSA CA 2018"
8757402417,2023-02-27,2023-02-27,2024-03-07,"uatonlinesb.pnbindia.in","uatonlinesb.pnbindia.in
www.uatonlinesb.pnbindia.in","C=US, O=DigiCert Inc, OU=www.digicert.com, CN=GeoTrust EV RSA CA 2018"
8879929147,2023-03-14,2023-03-14,2024-03-13,"uatdigitalca-vcs.pnbindia.in","uatdigitalca-vcs.pnbindia.in","C=US, O=DigiCert Inc, CN=GeoTrust EV RSA CA G2"
8910896126,2023-03-17,2023-03-17,2024-03-19,"uatpnbcbdc.pnbindia.in","uatpnbcbdc.pnbindia.in","C=US, O=DigiCert Inc, CN=GeoTrust EV RSA CA G2"
8911235665,2023-03-17,2023-03-17,2024-03-19,"pnbcbdc.pnbindia.in","pnbcbdc.pnbindia.in","C=US, O=DigiCert Inc, CN=GeoTrust EV RSA CA G2"
8963199669,2023-03-23,2023-03-23,2024-03-22,"digilocker.pnbindia.in","digilocker.pnbindia.in","C=US, O=DigiCert Inc, CN=GeoTrust EV RSA CA G2"
8963320557,2023-03-23,2023-03-23,2024-03-19,"pnbcbdc.pnbindia.in","pnbcbdc.pnbindia.in","C=US, O=DigiCert Inc, CN=GeoTrust EV RSA CA G2"
8979547184,2023-03-25,2023-03-25,2024-03-22,"digilocker.pnbindia.in","digilocker.pnbindia.in","C=US, O=DigiCert Inc, CN=GeoTrust EV RSA CA G2"
8981275292,2023-03-27,2023-03-27,2024-04-11,"analytics.pnbindia.in","analytics.pnbindia.in
www.analytics.pnbindia.in","C=US, O=DigiCert Inc, CN=GeoTrust EV RSA CA G2"
8981368247,2023-03-27,2023-03-27,2024-03-22,"digilocker.pnbindia.in","digilocker.pnbindia.in","C=US, O=DigiCert Inc, CN=GeoTrust EV RSA CA G2"
9038888351,2023-04-02,2022-06-23,2023-06-30,"www.pnbindia.in","pnbindia.in
www.pnbindia.in","C=US, O=DigiCert Inc, OU=www.digicert.com, CN=GeoTrust EV RSA CA 2018"
9126759669,2023-04-12,2023-04-12,2024-04-11,"analytics.pnbindia.in","analytics.pnbindia.in
www.analytics.pnbindia.in","C=US, O=DigiCert Inc, CN=GeoTrust EV RSA CA G2"
9171576996,2023-04-17,2023-04-17,2024-05-07,"pnbtfr.pnbindia.in","pnbtfr.pnbindia.in","C=US, O=DigiCert Inc, CN=GeoTrust EV RSA CA G2"
9235947986,2023-04-26,2023-04-26,2024-05-17,"pnbfirst.pnbindia.in","pnbfirst.pnbindia.in","C=US, O=DigiCert Inc, CN=GeoTrust EV RSA CA G2"
9305529218,2023-05-04,2023-05-04,2024-05-07,"pnbtfr.pnbindia.in","pnbtfr.pnbindia.in","C=US, O=DigiCert Inc, CN=GeoTrust EV RSA CA G2"
9434739407,2023-05-20,2023-05-20,2024-05-21,"pnbmetaverse.pnbindia.in","pnbmetaverse.pnbindia.in","C=US, O=DigiCert Inc, CN=GeoTrust EV RSA CA G2"
9480745257,2023-05-25,2023-05-25,2024-05-24,"udaan.pnbindia.in","udaan.pnbindia.in","C=US, O=DigiCert Inc, CN=GeoTrust EV RSA CA G2"
9559038299,2023-06-03,2023-06-03,2024-06-04,"digitalca.pnbindia.in","digitalca.pnbindia.in","C=US, O=DigiCert Inc, CN=GeoTrust EV RSA CA G2"
9559080137,2023-06-03,2023-06-03,2024-06-04,"digitalca-vcs.pnbindia.in","digitalca-vcs.pnbindia.in","C=US, O=DigiCert Inc, CN=GeoTrust EV RSA CA G2"
9641094044,2023-06-13,2023-06-13,2024-06-12,"uat2instaloans.pnbindia.in","uat2instaloans.pnbindia.in","C=US, O=DigiCert Inc, CN=GeoTrust EV RSA CA G2"
9715286243,2023-06-22,2023-06-22,2024-07-03,"www.pnbindia.in","pnbindia.in
www.pnbindia.in","C=US, O=DigiCert Inc, CN=GeoTrust EV RSA CA G2"
9715581474,2023-06-22,2023-06-22,2024-07-22,"slbcharyana.pnbindia.in","slbcharyana.pnbindia.in","C=US, O=DigiCert Inc, CN=GeoTrust EV RSA CA G2"
9715594720,2023-06-22,2023-06-22,2024-07-22,"slbcdelhi.pnbindia.in","slbcdelhi.pnbindia.in
www.slbcdelhi.pnbindia.in","C=US, O=DigiCert Inc, CN=GeoTrust EV RSA CA G2"
9715602799,2023-06-22,2023-06-22,2024-07-22,"slbcbengal.pnbindia.in","slbcbengal.pnbindia.in
www.slbcbengal.pnbindia.in","C=US, O=DigiCert Inc, CN=GeoTrust EV RSA CA G2"
9715610603,2023-06-22,2023-06-22,2024-07-22,"slbcdataportal.pnbindia.in","slbcdataportal.pnbindia.in
www.slbcdataportal.pnbindia.in","C=US, O=DigiCert Inc, CN=GeoTrust EV RSA CA G2"
9715615001,2023-06-22,2023-06-22,2024-07-22,"slbctripura.pnbindia.in","slbctripura.pnbindia.in
www.slbctripura.pnbindia.in","C=US, O=DigiCert Inc, CN=GeoTrust EV RSA CA G2"
9722251469,2023-06-23,2023-06-23,2024-07-17,"pfms.pnbindia.in","pfms.pnbindia.in","C=US, O=DigiCert Inc, CN=GeoTrust EV RSA CA G2"
9759153112,2023-06-27,2023-06-27,2024-07-03,"www.pnbindia.in","pnbindia.in
www.pnbindia.in","C=US, O=DigiCert Inc, CN=GeoTrust EV RSA CA G2"
9989826157,2023-07-26,2023-07-26,2024-07-26,"uatdigigoldloan.pnbindia.in","uatdigigoldloan.pnbindia.in","C=US, O=DigiCert Inc, CN=GeoTrust EV RSA CA G2"
10005138827,2023-07-28,2023-07-28,2024-07-31,"admin.netpnb.com","banking.pnbindia.in
dev.pnbindia.in
netpnb.pnbindia.in
owa.pnbindia.in
remote.pnbindia.in","C=US, O=DigiCert Inc, CN=GeoTrust EV RSA CA G2"
10054768164,2023-08-03,2023-06-27,2024-07-03,"www.pnbindia.in","pnbindia.in
www.pnbindia.in","C=US, O=DigiCert Inc, CN=GeoTrust EV RSA CA G2"
10091878856,2023-08-08,2023-08-08,2024-08-07,"beta.pnbindia.in","beta.pnbindia.in","C=US, O=DigiCert Inc, CN=GeoTrust EV RSA CA G2"
10107632440,2023-08-10,2023-08-10,2024-08-09,"plvkyc-vcs.pnbindia.in","plvkyc-vcs.pnbindia.in","C=US, O=DigiCert Inc, CN=GeoTrust EV RSA CA G2"
10107639874,2023-08-10,2023-08-10,2024-08-09,"plvkyc.pnbindia.in","plvkyc.pnbindia.in","C=US, O=DigiCert Inc, CN=GeoTrust EV RSA CA G2"
10107646237,2023-08-10,2023-08-10,2024-08-09,"hlvkyc-vcs.pnbindia.in","hlvkyc-vcs.pnbindia.in","C=US, O=DigiCert Inc, CN=GeoTrust EV RSA CA G2"
10107652421,2023-08-10,2023-08-10,2024-08-09,"hlvkyc.pnbindia.in","hlvkyc.pnbindia.in","C=US, O=DigiCert Inc, CN=GeoTrust EV RSA CA G2"
10114040449,2023-08-11,2023-08-11,2024-08-16,"uatckycr.pnbindia.in","uatckycr.pnbindia.in","C=US, O=DigiCert Inc, CN=GeoTrust EV RSA CA G2"
10189755810,2023-08-21,2023-08-21,2024-08-29,"slbcchandigarh.pnbindia.in","slbcchandigarh.pnbindia.in","C=US, O=DigiCert Inc, CN=GeoTrust EV RSA CA G2"
10189765360,2023-08-21,2022-08-29,2023-08-30,"slbcchandigarh.pnbindia.in","slbcchandigarh.pnbindia.in","C=US, O=DigiCert Inc, OU=www.digicert.com, CN=GeoTrust EV RSA CA 2018"
10299393719,2023-09-05,2023-09-05,2024-09-05,"uatckycr-admin.pnbindia.in","uatckycr-admin.pnbindia.in","C=US, O=DigiCert Inc, CN=GeoTrust EV RSA CA G2"
10300651187,2023-09-05,2023-09-05,2024-09-13,"uatckycr-admin.pnbindia.in","uatckycr-admin.pnbindia.in","C=US, O=DigiCert Inc, CN=GeoTrust EV RSA CA G2"
10302355961,2023-09-05,2023-09-05,2024-09-25,"uatkccrenewal.pnbindia.in","uatkccrenewal.pnbindia.in","C=US, O=DigiCert Inc, CN=GeoTrust EV RSA CA G2"
10302358758,2023-09-05,2023-09-05,2024-10-03,"kccrenewal.pnbindia.in","kccrenewal.pnbindia.in","C=US, O=DigiCert Inc, CN=GeoTrust EV RSA CA G2"
10369025464,2023-09-13,2023-09-13,2024-09-12,"lockeragreement.pnbindia.in","lockeragreement.pnbindia.in","C=US, O=DigiCert Inc, CN=GeoTrust EV RSA CA G2"
10421643097,2023-09-19,2023-09-19,2024-02-28,"pnbpfms.pnbindia.in","apipnbpfms.pnbindia.in
pnbpfms.pnbindia.in
www.pnbpfms.pnbindia.in","C=US, O=DigiCert Inc, OU=www.digicert.com, CN=GeoTrust EV RSA CA 2018"
10480246177,2023-09-26,2023-09-26,2024-10-01,"pfmsrrb.pnbindia.in","pfmsrrb.pnbindia.in","C=US, O=DigiCert Inc, CN=GeoTrust EV RSA CA G2"
10543885536,2023-09-30,2023-09-30,2024-10-08,"icms.pnbindia.in","icms.pnbindia.in","C=US, O=DigiCert Inc, CN=GeoTrust EV RSA CA G2"
10543889297,2023-09-30,2022-12-01,2023-10-06,"icms.pnbindia.in","icms.pnbindia.in","C=US, O=DigiCert Inc, OU=www.digicert.com, CN=GeoTrust EV RSA CA 2018"
10543895342,2023-09-30,2023-09-30,2024-10-08,"icmsuat.pnbindia.in","icmsuat.pnbindia.in","C=US, O=DigiCert Inc, CN=GeoTrust EV RSA CA G2"
10544078375,2023-09-30,2023-09-30,2024-10-08,"icms.pnbindia.in","icms.pnbindia.in","C=US, O=DigiCert Inc, CN=GeoTrust EV RSA CA G2"
10544089010,2023-09-30,2023-09-30,2024-10-08,"icmsuat.pnbindia.in","icmsuat.pnbindia.in","C=US, O=DigiCert Inc, CN=GeoTrust EV RSA CA G2"
10686285595,2023-10-09,2023-10-09,2024-10-08,"uatdvl.pnbindia.in","uatdvl.pnbindia.in","C=US, O=DigiCert Inc, CN=GeoTrust EV RSA CA G2"
10749487818,2023-10-12,2023-10-12,2024-10-12,"digigoldloan.pnbindia.in","digigoldloan.pnbindia.in","C=US, O=DigiCert Inc, CN=GeoTrust EV RSA CA G2"
10831390333,2023-10-19,2023-10-19,2024-10-18,"pnbbksyapi.pnbindia.in","pnbbksyapi.pnbindia.in","C=US, O=DigiCert Inc, CN=GeoTrust EV RSA CA G2"
10831396872,2023-10-19,2023-10-19,2024-10-18,"pnbbksy.pnbindia.in","pnbbksy.pnbindia.in","C=US, O=DigiCert Inc, CN=GeoTrust EV RSA CA G2"
10839889177,2023-10-20,2023-10-20,2024-10-22,"uatkccdigireview.pnbindia.in","uatkccdigireview.pnbindia.in","C=US, O=DigiCert Inc, CN=GeoTrust EV RSA CA G2"
10840098072,2023-10-20,2023-10-20,2024-10-18,"pnbbksyapi.pnbindia.in","pnbbksyapi.pnbindia.in","C=US, O=DigiCert Inc, CN=GeoTrust EV RSA CA G2"
10840105608,2023-10-20,2023-10-20,2024-10-18,"pnbbksy.pnbindia.in","pnbbksy.pnbindia.in","C=US, O=DigiCert Inc, CN=GeoTrust EV RSA CA G2"
10845440992,2023-10-20,2023-01-31,2024-02-28,"pnbpfms.pnbindia.in","apipnbpfms.pnbindia.in
pnbpfms.pnbindia.in
www.pnbpfms.pnbindia.in","C=US, O=DigiCert Inc, OU=www.digicert.com, CN=GeoTrust EV RSA CA 2018"
10984849140,2023-11-03,2023-11-03,2024-11-05,"pnbuatcbdc.pnbindia.in","pnbuatcbdc.pnbindia.in","C=US, O=DigiCert Inc, CN=GeoTrust EV RSA CA G2"
11092164622,2023-11-14,2023-11-14,2024-11-16,"ckycr-admin.pnbindia.in","ckycr-admin.pnbindia.in","C=US, O=DigiCert Inc, CN=GeoTrust EV RSA CA G2"
11092073333,2023-11-14,2022-11-17,2023-11-15,"ckycr-admin.pnbindia.in","ckycr-admin.pnbindia.in","C=US, O=DigiCert Inc, OU=www.digicert.com, CN=GeoTrust EV RSA CA 2018"
11138707865,2023-11-20,2023-11-20,2024-11-20,"kccdigireview.pnbindia.in","kccdigireview.pnbindia.in","C=US, O=DigiCert Inc, CN=GeoTrust EV RSA CA G2"
11194452703,2023-11-23,2023-11-23,2024-11-27,"slbcpunjab.pnbindia.in","slbcpunjab.pnbindia.in","C=US, O=DigiCert Inc, CN=GeoTrust EV RSA CA G2"
11257614368,2023-11-29,2023-11-29,2024-12-03,"uatedu.pnbindia.in","uatedu.pnbindia.in","C=US, O=DigiCert Inc, CN=GeoTrust EV RSA CA G2"
11320489858,2023-12-05,2023-12-05,2024-12-05,"digiuat.pnbindia.in","digiuat.pnbindia.in","C=US, O=DigiCert Inc, CN=GeoTrust EV RSA CA G2"
11351741171,2023-12-08,2023-12-08,2024-12-05,"digiuat.pnbindia.in","digiuat.pnbindia.in","C=US, O=DigiCert Inc, CN=GeoTrust EV RSA CA G2"
11708539936,2024-01-11,2024-01-11,2025-01-10,"pnbbksyuat.pnbindia.in","pnbbksyuat.pnbindia.in","C=US, O=DigiCert Inc, CN=GeoTrust EV RSA CA G2"
11708552646,2024-01-11,2024-01-11,2025-01-10,"pnbbksyapiuat.pnbindia.in","pnbbksyapiuat.pnbindia.in","C=US, O=DigiCert Inc, CN=GeoTrust EV RSA CA G2"
11708576616,2024-01-11,2024-01-11,2025-01-10,"pnbamsagribhopaluat.pnbindia.in","pnbamsagribhopaluat.pnbindia.in","C=US, O=DigiCert Inc, CN=GeoTrust EV RSA CA G2"
11708585360,2024-01-11,2024-01-11,2025-01-10,"pnbamsagribhopalapiuat.pnbindia.in","pnbamsagribhopalapiuat.pnbindia.in","C=US, O=DigiCert Inc, CN=GeoTrust EV RSA CA G2"
11709885829,2024-01-11,2024-01-11,2025-01-10,"pnbpuducherrybcmwdapiuat.pnbindia.in","pnbpuducherrybcmwdapiuat.pnbindia.in","C=US, O=DigiCert Inc, CN=GeoTrust EV RSA CA G2"
11709894540,2024-01-11,2024-01-11,2025-01-10,"pnbpuducherrybcmwduat.pnbindia.in","pnbpuducherrybcmwduat.pnbindia.in","C=US, O=DigiCert Inc, CN=GeoTrust EV RSA CA G2"
11761647630,2024-01-16,2024-01-16,2025-01-29,"instaloans.pnbindia.in","instaloans.pnbindia.in
www.instaloans.pnbindia.in","C=US, O=DigiCert Inc, CN=GeoTrust EV RSA CA G2"
11809130967,2024-01-20,2024-01-20,2025-01-21,"digivl.pnbindia.in","digivl.pnbindia.in","C=US, O=DigiCert Inc, CN=GeoTrust EV RSA CA G2"
12017867331,2024-02-08,2024-02-08,2025-02-27,"pnbpfms.pnbindia.in","apipnbpfms.pnbindia.in
pnbpfms.pnbindia.in
www.pnbpfms.pnbindia.in","C=US, O=DigiCert Inc, CN=GeoTrust EV RSA CA G2"
12017936626,2024-02-08,2024-02-08,2025-02-07,"apitestpfms.pnbindia.in","apitestpfms.pnbindia.in","C=US, O=DigiCert Inc, CN=GeoTrust EV RSA CA G2"
12017972859,2024-02-08,2024-02-08,2025-02-07,"testpfms.pnbindia.in","testpfms.pnbindia.in
www.testpfms.pnbindia.in","C=US, O=DigiCert Inc, CN=GeoTrust EV RSA CA G2"
12052833955,2024-02-12,2024-02-12,2025-02-11,"uatdepository.pnbindia.in","uatdepository.pnbindia.in","C=US, O=DigiCert Inc, CN=GeoTrust EV RSA CA G2"
12052963638,2024-02-12,2024-02-12,2025-03-11,"depository.pnbindia.in","depository.pnbindia.in
www.depository.pnbindia.in","C=US, O=DigiCert Inc, CN=GeoTrust EV RSA CA G2"
12053946112,2024-02-12,2024-02-12,2025-02-20,"digitallending.pnbindia.in","digitallending.pnbindia.in","C=US, O=DigiCert Inc, CN=GeoTrust EV RSA CA G2"
12105569794,2024-02-17,2024-02-17,2025-02-25,"eboard.pnbindia.in","eboard.pnbindia.in
www.eboard.pnbindia.in","C=US, O=DigiCert Inc, CN=GeoTrust EV RSA CA G2"
12153956460,2024-02-22,2024-02-22,2025-02-22,"uatdigitalca.pnbindia.in","uatdigitalca.pnbindia.in","C=US, O=DigiCert Inc, CN=GeoTrust EV RSA CA G2"
12154126776,2024-02-22,2024-02-22,2025-03-12,"onlinesb.pnbindia.in","onlinesb.pnbindia.in
www.onlinesb.pnbindia.in","C=US, O=DigiCert Inc, CN=GeoTrust EV RSA CA G2"
12154179113,2024-02-22,2024-02-22,2025-03-15,"uatdigitalca-vcs.pnbindia.in","uatdigitalca-vcs.pnbindia.in","C=US, O=DigiCert Inc, CN=GeoTrust EV RSA CA G2"
12154192648,2024-02-22,2024-02-22,2025-03-12,"uatonlinesb.pnbindia.in","uatonlinesb.pnbindia.in
www.uatonlinesb.pnbindia.in","C=US, O=DigiCert Inc, CN=GeoTrust EV RSA CA G2"
12154962906,2024-02-22,2024-02-22,2025-02-11,"uatdepository.pnbindia.in","uatdepository.pnbindia.in","C=US, O=DigiCert Inc, CN=GeoTrust EV RSA CA G2"
12156740937,2024-02-22,2024-02-22,2025-03-11,"depository.pnbindia.in","depository.pnbindia.in
www.depository.pnbindia.in","C=US, O=DigiCert Inc, CN=GeoTrust EV RSA CA G2"
12227276659,2024-02-29,2024-02-29,2025-02-28,"digiel.pnbindia.in","digiel.pnbindia.in","C=US, O=DigiCert Inc, CN=GeoTrust EV RSA CA G2"
12390521186,2024-03-15,2024-03-15,2025-03-19,"pnbcbdc.pnbindia.in","pnbcbdc.pnbindia.in","C=US, O=DigiCert Inc, CN=GeoTrust EV RSA CA G2"
12390529754,2024-03-15,2023-03-23,2024-03-19,"pnbcbdc.pnbindia.in","pnbcbdc.pnbindia.in","C=US, O=DigiCert Inc, CN=GeoTrust EV RSA CA G2"
12422791924,2024-03-18,2024-03-18,2025-03-18,"pnbcbdcr.pnbindia.in","pnbcbdcr.pnbindia.in","C=US, O=DigiCert Inc, CN=GeoTrust EV RSA CA G2"
12655569871,2024-04-08,2024-04-08,2025-04-07,"applications.pnbindia.in","applications.pnbindia.in","C=US, O=DigiCert Inc, CN=GeoTrust EV RSA CA G2"
12665134315,2024-04-09,2024-04-09,2025-04-16,"analytics.pnbindia.in","analytics.pnbindia.in
www.analytics.pnbindia.in","C=US, O=DigiCert Inc, CN=GeoTrust EV RSA CA G2"
12731646020,2024-04-15,2024-04-15,2025-05-07,"pnbtfr.pnbindia.in","pnbtfr.pnbindia.in","C=US, O=DigiCert Inc, CN=GeoTrust EV RSA CA G2"
12750676463,2024-04-17,2024-04-17,2025-04-17,"vlvkyc.pnbindia.in","vlvkyc.pnbindia.in","C=US, O=DigiCert Inc, CN=GeoTrust EV RSA CA G2"
12750693840,2024-04-17,2024-04-17,2025-04-17,"elvkyc.pnbindia.in","elvkyc.pnbindia.in","C=US, O=DigiCert Inc, CN=GeoTrust EV RSA CA G2"
12823301819,2024-04-23,2024-04-23,2025-04-22,"uategodam.pnbindia.in","uategodam.pnbindia.in","C=US, O=DigiCert Inc, CN=GeoTrust EV RSA CA G2"
12927319849,2024-05-02,2024-05-02,2025-05-27,"udaan.pnbindia.in","udaan.pnbindia.in","C=US, O=DigiCert Inc, CN=GeoTrust EV RSA CA G2"
13113659527,2024-05-20,2024-05-20,2025-05-21,"pnbmetaverse.pnbindia.in","pnbmetaverse.pnbindia.in","C=US, O=DigiCert Inc, CN=GeoTrust EV RSA CA G2"
13219072255,2024-05-29,2024-05-29,2025-06-12,"uat2instaloans.pnbindia.in","uat2instaloans.pnbindia.in","C=US, O=DigiCert Inc, CN=GeoTrust EV RSA CA G2"
13241721580,2024-05-31,2024-05-31,2025-06-04,"digitalca.pnbindia.in","digitalca.pnbindia.in","C=US, O=DigiCert Inc, CN=GeoTrust EV RSA CA G2"
13241739817,2024-05-31,2024-05-31,2025-06-04,"digitalca-vcs.pnbindia.in","digitalca-vcs.pnbindia.in","C=US, O=DigiCert Inc, CN=GeoTrust EV RSA CA G2"
13548777882,2024-06-28,2024-06-28,2025-07-03,"www.pnbindia.in","pnbindia.in
www.pnbindia.in","C=US, O=DigiCert Inc, CN=GeoTrust EV RSA CA G2"
13548840638,2024-06-28,2024-06-28,2025-07-29,"slbcbengal.pnbindia.in","slbcbengal.pnbindia.in
www.slbcbengal.pnbindia.in","C=US, O=DigiCert Inc, CN=GeoTrust EV RSA CA G2"
13548858833,2024-06-28,2023-06-22,2024-07-22,"slbcbengal.pnbindia.in","slbcbengal.pnbindia.in
www.slbcbengal.pnbindia.in","C=US, O=DigiCert Inc, CN=GeoTrust EV RSA CA G2"
13548893417,2024-06-28,2024-06-28,2025-07-29,"slbctripura.pnbindia.in","slbctripura.pnbindia.in
www.slbctripura.pnbindia.in","C=US, O=DigiCert Inc, CN=GeoTrust EV RSA CA G2"
13548911570,2024-06-28,2024-06-28,2025-07-29,"slbcharyana.pnbindia.in","slbcharyana.pnbindia.in","C=US, O=DigiCert Inc, CN=GeoTrust EV RSA CA G2"
13548965483,2024-06-28,2024-06-28,2025-07-29,"slbcdelhi.pnbindia.in","slbcdelhi.pnbindia.in
www.slbcdelhi.pnbindia.in","C=US, O=DigiCert Inc, CN=GeoTrust EV RSA CA G2"
13548990253,2024-06-28,2024-06-28,2025-07-29,"slbcdataportal.pnbindia.in","slbcdataportal.pnbindia.in
www.slbcdataportal.pnbindia.in","C=US, O=DigiCert Inc, CN=GeoTrust EV RSA CA G2"
13599903495,2024-07-03,2024-07-03,2025-07-02,"locate.pnbindia.in","locate.pnbindia.in","C=US, O=DigiCert Inc, CN=GeoTrust EV RSA CA G2"
13705715093,2024-07-12,2024-07-12,2025-07-11,"uatonlinesb2.pnbindia.in","uatonlinesb2.pnbindia.in","C=US, O=DigiCert Inc, CN=GeoTrust EV RSA CA G2"
13705732509,2024-07-12,2024-07-12,2025-07-11,"uatonlinevcs2.pnbindia.in","uatonlinevcs2.pnbindia.in","C=US, O=DigiCert Inc, CN=GeoTrust EV RSA CA G2"
13758168450,2024-07-16,2024-07-16,2025-07-19,"pfms.pnbindia.in","pfms.pnbindia.in","C=US, O=DigiCert Inc, CN=GeoTrust EV RSA CA G2"
13916855474,2024-07-29,2024-07-29,2025-07-28,"remote.pnbindia.in","remote.pnbindia.in","C=US, O=DigiCert Inc, CN=GeoTrust EV RSA CA G2"
13912155407,2024-07-29,2024-07-29,2025-07-28,"netpnb.pnbindia.in","netpnb.pnbindia.in","C=US, O=DigiCert Inc, CN=GeoTrust EV RSA CA G2"
13916854826,2024-07-29,2024-07-29,2025-07-28,"owa.pnbindia.in","owa.pnbindia.in","C=US, O=DigiCert Inc, CN=GeoTrust EV RSA CA G2"
13916854758,2024-07-29,2024-07-29,2025-07-28,"dev.pnbindia.in","dev.pnbindia.in","C=US, O=DigiCert Inc, CN=GeoTrust EV RSA CA G2"
13912155428,2024-07-29,2024-07-29,2025-07-28,"banking.pnbindia.in","banking.pnbindia.in","C=US, O=DigiCert Inc, CN=GeoTrust EV RSA CA G2"
13940378919,2024-07-31,2024-07-31,2025-07-30,"apipnbpfms.pnbindia.in","apipnbpfms.pnbindia.in","C=US, O=DigiCert Inc, CN=GeoTrust EV RSA CA G2"
13940389465,2024-07-31,2024-07-31,2025-07-30,"pnbpfms.pnbindia.in","pnbpfms.pnbindia.in","C=US, O=DigiCert Inc, CN=GeoTrust EV RSA CA G2"
14016977456,2024-08-06,2024-08-06,2025-08-07,"beta.pnbindia.in","beta.pnbindia.in","C=US, O=DigiCert Inc, CN=GeoTrust EV RSA CA G2"
14046941969,2024-08-08,2024-08-08,2025-08-12,"hlvkyc.pnbindia.in","hlvkyc.pnbindia.in","C=US, O=DigiCert Inc, CN=GeoTrust EV RSA CA G2"
14048049276,2024-08-08,2023-08-10,2024-08-09,"hlvkyc.pnbindia.in","hlvkyc.pnbindia.in","C=US, O=DigiCert Inc, CN=GeoTrust EV RSA CA G2"
14047004606,2024-08-08,2024-08-08,2025-08-12,"plvkyc-vcs.pnbindia.in","plvkyc-vcs.pnbindia.in","C=US, O=DigiCert Inc, CN=GeoTrust EV RSA CA G2"
14046991485,2024-08-08,2024-08-08,2025-08-12,"plvkyc.pnbindia.in","plvkyc.pnbindia.in","C=US, O=DigiCert Inc, CN=GeoTrust EV RSA CA G2"
14047017076,2024-08-08,2023-08-10,2024-08-09,"plvkyc.pnbindia.in","plvkyc.pnbindia.in","C=US, O=DigiCert Inc, CN=GeoTrust EV RSA CA G2"
14047027527,2024-08-08,2024-08-08,2025-08-12,"hlvkyc-vcs.pnbindia.in","hlvkyc-vcs.pnbindia.in","C=US, O=DigiCert Inc, CN=GeoTrust EV RSA CA G2"
14061572730,2024-08-09,2024-08-09,2025-08-19,"uatckycr.pnbindia.in","uatckycr.pnbindia.in","C=US, O=DigiCert Inc, CN=GeoTrust EV RSA CA G2"
14061587254,2024-08-09,2024-08-09,2025-09-09,"uatckycr-admin.pnbindia.in","uatckycr-admin.pnbindia.in","C=US, O=DigiCert Inc, CN=GeoTrust EV RSA CA G2"
14214634931,2024-08-20,2024-08-20,2025-08-29,"slbcchandigarh.pnbindia.in","slbcchandigarh.pnbindia.in","C=US, O=DigiCert Inc, CN=GeoTrust EV RSA CA G2"
14329851420,2024-08-28,2024-08-28,2025-08-28,"eboardtest.pnbindia.in","eboardtest.pnbindia.in","C=US, O=DigiCert Inc, CN=GeoTrust EV RSA CA G2"
14657496284,2024-09-23,2024-09-23,2025-09-22,"ncrp.pnbindia.in","ncrp.pnbindia.in","C=US, O=DigiCert Inc, CN=GeoTrust EV RSA CA G2"
14657529520,2024-09-23,2024-09-23,2025-09-22,"ncrpuat.pnbindia.in","ncrpuat.pnbindia.in","C=US, O=DigiCert Inc, CN=GeoTrust EV RSA CA G2"
14669711423,2024-09-24,2024-09-24,2025-09-23,"onlinesbvcs2.pnbindia.in","onlinesbvcs2.pnbindia.in","C=US, O=DigiCert Inc, CN=GeoTrust EV RSA CA G2"
14683046113,2024-09-25,2024-09-25,2025-10-03,"kccrenewal.pnbindia.in","kccrenewal.pnbindia.in","C=US, O=DigiCert Inc, CN=GeoTrust EV RSA CA G2"
14744148845,2024-09-30,2024-09-30,2025-09-29,"pfmsrrb.pnbindia.in","pfmsrrb.pnbindia.in","C=US, O=DigiCert Inc, CN=GeoTrust EV RSA CA G2"
14755551001,2024-10-01,2024-10-01,2025-11-01,"slbcpunjab.pnbindia.in","slbcpunjab.pnbindia.in","C=US, O=DigiCert Inc, CN=GeoTrust EV RSA CA G2"
14808009332,2024-10-05,2024-10-05,2025-10-08,"icms.pnbindia.in","icms.pnbindia.in","C=US, O=DigiCert Inc, CN=GeoTrust EV RSA CA G2"
14808018021,2024-10-05,2024-10-05,2025-10-08,"icmsuat.pnbindia.in","icmsuat.pnbindia.in","C=US, O=DigiCert Inc, CN=GeoTrust EV RSA CA G2"
14844568836,2024-10-08,2024-10-08,2025-10-08,"uatdvl.pnbindia.in","uatdvl.pnbindia.in","C=US, O=DigiCert Inc, CN=GeoTrust EV RSA CA G2"
14846520774,2024-10-08,2024-10-08,2025-10-07,"lockeragreement.pnbindia.in","lockeragreement.pnbindia.in","C=US, O=DigiCert Inc, CN=GeoTrust EV RSA CA G2"
14846558508,2024-10-08,2023-09-13,2024-09-12,"lockeragreement.pnbindia.in","lockeragreement.pnbindia.in","C=US, O=DigiCert Inc, CN=GeoTrust EV RSA CA G2"
14923636154,2024-10-14,2024-10-14,2025-10-15,"digigoldloan.pnbindia.in","digigoldloan.pnbindia.in","C=US, O=DigiCert Inc, CN=GeoTrust EV RSA CA G2"
14923636040,2024-10-14,2023-10-12,2024-10-12,"digigoldloan.pnbindia.in","digigoldloan.pnbindia.in","C=US, O=DigiCert Inc, CN=GeoTrust EV RSA CA G2"
14939083274,2024-10-15,2024-10-15,2025-10-21,"pnbbksyapi.pnbindia.in","pnbbksyapi.pnbindia.in","C=US, O=DigiCert Inc, CN=GeoTrust EV RSA CA G2"
14939095254,2024-10-15,2024-10-15,2025-10-21,"pnbbksy.pnbindia.in","pnbbksy.pnbindia.in","C=US, O=DigiCert Inc, CN=GeoTrust EV RSA CA G2"
14939088257,2024-10-15,2023-10-20,2024-10-18,"pnbbksyapi.pnbindia.in","pnbbksyapi.pnbindia.in","C=US, O=DigiCert Inc, CN=GeoTrust EV RSA CA G2"
14942451913,2024-10-15,2024-10-15,2025-09-23,"ncrp.pnbindia.in","ncrp.pnbindia.in","C=US, O=DigiCert Inc, CN=GeoTrust EV RSA CA G2"
14942486800,2024-10-15,2024-10-15,2025-09-23,"ncrpuat.pnbindia.in","ncrpuat.pnbindia.in","C=US, O=DigiCert Inc, CN=GeoTrust EV RSA CA G2"
14942712486,2024-10-15,2024-09-23,2025-09-22,"ncrpuat.pnbindia.in","ncrpuat.pnbindia.in","C=US, O=DigiCert Inc, CN=GeoTrust EV RSA CA G2"
14947252411,2024-10-15,2023-10-20,2024-10-18,"pnbbksy.pnbindia.in","pnbbksy.pnbindia.in","C=US, O=DigiCert Inc, CN=GeoTrust EV RSA CA G2"
14950192036,2024-10-15,2024-09-23,2025-09-22,"ncrp.pnbindia.in","ncrp.pnbindia.in","C=US, O=DigiCert Inc, CN=GeoTrust EV RSA CA G2"
15024855265,2024-10-21,2024-10-21,2025-10-22,"uatkccdigireview.pnbindia.in","uatkccdigireview.pnbindia.in","C=US, O=DigiCert Inc, CN=GeoTrust EV RSA CA G2"
15170208196,2024-11-01,2024-11-01,2025-11-04,"egodam.pnbindia.in","egodam.pnbindia.in","C=US, O=DigiCert Inc, CN=GeoTrust EV RSA CA G2"
15170217460,2024-11-01,2024-11-01,2025-11-20,"kccdigireview.pnbindia.in","kccdigireview.pnbindia.in","C=US, O=DigiCert Inc, CN=GeoTrust EV RSA CA G2"
15206730360,2024-11-04,2024-11-04,2025-11-05,"pnbuatcbdc.pnbindia.in","pnbuatcbdc.pnbindia.in","C=US, O=DigiCert Inc, CN=GeoTrust EV RSA CA G2"
15248210256,2024-11-07,2024-11-07,2025-11-06,"pnbfirst.pnbindia.in","pnbfirst.pnbindia.in","C=US, O=DigiCert Inc, CN=GeoTrust EV RSA CA G2"
15303581557,2024-11-11,2024-11-11,2025-11-18,"ckycr-admin.pnbindia.in","ckycr-admin.pnbindia.in","C=US, O=DigiCert Inc, CN=GeoTrust EV RSA CA G2"
15305546606,2024-11-11,2024-11-11,2025-11-10,"dbpvkyc.pnbindia.in","dbpvkyc.pnbindia.in","C=US, O=DigiCert Inc, CN=GeoTrust EV RSA CA G2"
15557042278,2024-11-30,2024-11-30,2025-12-05,"uatedu.pnbindia.in","uatedu.pnbindia.in","C=US, O=DigiCert Inc, CN=GeoTrust EV RSA CA G2"
15557058085,2024-11-30,2023-11-29,2024-12-03,"uatedu.pnbindia.in","uatedu.pnbindia.in","C=US, O=DigiCert Inc, CN=GeoTrust EV RSA CA G2"
15634654374,2024-12-06,2024-12-06,2025-12-09,"digiuat.pnbindia.in","digiuat.pnbindia.in","C=US, O=DigiCert Inc, CN=GeoTrust EV RSA CA G2"
15725659291,2024-12-12,2024-12-12,2025-09-30,"pfmsrrb.pnbindia.in","pfmsrrb.pnbindia.in","C=US, O=DigiCert Inc, CN=GeoTrust EV RSA CA G2"
15726382114,2024-12-12,2024-12-12,2025-09-30,"pfmsrrb.pnbindia.in","pfmsrrb.pnbindia.in","C=US, O=DigiCert Inc, CN=GeoTrust EV RSA CA G2"
16341450274,2025-01-20,2025-01-20,2026-01-21,"digivl.pnbindia.in","digivl.pnbindia.in","C=US, O=DigiCert Inc, CN=GeoTrust EV RSA CA G2"
16341457886,2025-01-20,2024-01-20,2025-01-21,"digivl.pnbindia.in","digivl.pnbindia.in","C=US, O=DigiCert Inc, CN=GeoTrust EV RSA CA G2"
16359085462,2025-01-21,2025-01-21,2026-01-20,"pnbbksyapiuat.pnbindia.in","pnbbksyapiuat.pnbindia.in","C=US, O=DigiCert Inc, CN=GeoTrust EV RSA CA G2"
16359107391,2025-01-21,2025-01-21,2026-01-20,"pnbbksyuat.pnbindia.in","pnbbksyuat.pnbindia.in","C=US, O=DigiCert Inc, CN=GeoTrust EV RSA CA G2"
16359111069,2025-01-21,2024-01-11,2025-01-10,"pnbbksyuat.pnbindia.in","pnbbksyuat.pnbindia.in","C=US, O=DigiCert Inc, CN=GeoTrust EV RSA CA G2"
16359107710,2025-01-21,2025-01-21,2026-01-20,"pnbpuducherrybcmwduat.pnbindia.in","pnbpuducherrybcmwduat.pnbindia.in","C=US, O=DigiCert Inc, CN=GeoTrust EV RSA CA G2"
16359143755,2025-01-21,2025-01-21,2026-01-20,"pnbpuducherrybcmwdapiuat.pnbindia.in","pnbpuducherrybcmwdapiuat.pnbindia.in","C=US, O=DigiCert Inc, CN=GeoTrust EV RSA CA G2"
16374600653,2025-01-23,2025-01-23,2026-01-29,"instaloans.pnbindia.in","instaloans.pnbindia.in
www.instaloans.pnbindia.in","C=US, O=DigiCert Inc, CN=GeoTrust EV RSA CA G2"
16579937276,2025-02-07,2025-02-07,2026-02-27,"eboard.pnbindia.in","eboard.pnbindia.in
www.eboard.pnbindia.in","C=US, O=DigiCert Inc, CN=GeoTrust EV RSA CA G2"
16579972549,2025-02-07,2024-02-17,2025-02-25,"eboard.pnbindia.in","eboard.pnbindia.in
www.eboard.pnbindia.in","C=US, O=DigiCert Inc, CN=GeoTrust EV RSA CA G2"
16667756336,2025-02-11,2025-02-11,2026-02-13,"uatdepository.pnbindia.in","uatdepository.pnbindia.in","C=US, O=DigiCert Inc, CN=GeoTrust EV RSA CA G2"
16689023826,2025-02-12,2025-02-12,2026-02-13,"apitestpfms.pnbindia.in","apitestpfms.pnbindia.in","C=US, O=DigiCert Inc, CN=GeoTrust EV RSA CA G2"
16689037936,2025-02-12,2025-02-12,2026-02-13,"testpfms.pnbindia.in","testpfms.pnbindia.in
www.testpfms.pnbindia.in","C=US, O=DigiCert Inc, CN=GeoTrust EV RSA CA G2"
16692476998,2025-02-12,2025-02-12,2026-03-11,"depository.pnbindia.in","depository.pnbindia.in
www.depository.pnbindia.in","C=US, O=DigiCert Inc, CN=GeoTrust EV RSA CA G2"
16771264894,2025-02-19,2025-02-19,2026-02-25,"digitallending.pnbindia.in","digitallending.pnbindia.in","C=US, O=DigiCert Inc, CN=GeoTrust EV RSA CA G2"
16770215205,2025-02-19,2024-02-12,2025-02-20,"digitallending.pnbindia.in","digitallending.pnbindia.in","C=US, O=DigiCert Inc, CN=GeoTrust EV RSA CA G2"
16774974891,2025-02-19,2024-05-02,2025-05-27,"udaan.pnbindia.in","udaan.pnbindia.in","C=US, O=DigiCert Inc, CN=GeoTrust EV RSA CA G2"
16777795770,2025-02-20,2024-02-22,2025-03-15,"uatdigitalca-vcs.pnbindia.in","uatdigitalca-vcs.pnbindia.in","C=US, O=DigiCert Inc, CN=GeoTrust EV RSA CA G2"
16778426482,2025-02-20,2024-02-08,2025-02-27,"pnbpfms.pnbindia.in","apipnbpfms.pnbindia.in
pnbpfms.pnbindia.in
www.pnbpfms.pnbindia.in","C=US, O=DigiCert Inc, CN=GeoTrust EV RSA CA G2"
16778650884,2025-02-20,2024-02-22,2025-03-11,"depository.pnbindia.in","depository.pnbindia.in
www.depository.pnbindia.in","C=US, O=DigiCert Inc, CN=GeoTrust EV RSA CA G2"
16779010859,2025-02-20,2024-04-08,2025-04-07,"applications.pnbindia.in","applications.pnbindia.in","C=US, O=DigiCert Inc, CN=GeoTrust EV RSA CA G2"
16779542022,2025-02-20,2024-04-15,2025-05-07,"pnbtfr.pnbindia.in","pnbtfr.pnbindia.in","C=US, O=DigiCert Inc, CN=GeoTrust EV RSA CA G2"
16780054011,2025-02-20,2024-05-20,2025-05-21,"pnbmetaverse.pnbindia.in","pnbmetaverse.pnbindia.in","C=US, O=DigiCert Inc, CN=GeoTrust EV RSA CA G2"
16780238185,2025-02-20,2024-06-28,2025-07-29,"slbcharyana.pnbindia.in","slbcharyana.pnbindia.in","C=US, O=DigiCert Inc, CN=GeoTrust EV RSA CA G2"
16780240426,2025-02-20,2024-07-03,2025-07-02,"locate.pnbindia.in","locate.pnbindia.in","C=US, O=DigiCert Inc, CN=GeoTrust EV RSA CA G2"
16780249444,2025-02-20,2024-06-28,2025-07-29,"slbcdataportal.pnbindia.in","slbcdataportal.pnbindia.in
www.slbcdataportal.pnbindia.in","C=US, O=DigiCert Inc, CN=GeoTrust EV RSA CA G2"
16780251981,2025-02-20,2024-06-28,2025-07-29,"slbctripura.pnbindia.in","slbctripura.pnbindia.in
www.slbctripura.pnbindia.in","C=US, O=DigiCert Inc, CN=GeoTrust EV RSA CA G2"
16780289581,2025-02-20,2024-06-28,2025-07-03,"www.pnbindia.in","pnbindia.in
www.pnbindia.in","C=US, O=DigiCert Inc, CN=GeoTrust EV RSA CA G2"
16780308556,2025-02-20,2024-06-28,2025-07-29,"slbcbengal.pnbindia.in","slbcbengal.pnbindia.in
www.slbcbengal.pnbindia.in","C=US, O=DigiCert Inc, CN=GeoTrust EV RSA CA G2"
16780328293,2025-02-20,2024-06-28,2025-07-29,"slbcdelhi.pnbindia.in","slbcdelhi.pnbindia.in
www.slbcdelhi.pnbindia.in","C=US, O=DigiCert Inc, CN=GeoTrust EV RSA CA G2"
16780398909,2025-02-20,2024-07-29,2025-07-28,"banking.pnbindia.in","banking.pnbindia.in","C=US, O=DigiCert Inc, CN=GeoTrust EV RSA CA G2"
16780420048,2025-02-20,2024-08-06,2025-08-07,"beta.pnbindia.in","beta.pnbindia.in","C=US, O=DigiCert Inc, CN=GeoTrust EV RSA CA G2"
16780421858,2025-02-20,2024-07-29,2025-07-28,"owa.pnbindia.in","owa.pnbindia.in","C=US, O=DigiCert Inc, CN=GeoTrust EV RSA CA G2"
16780501369,2025-02-20,2024-07-31,2025-07-30,"apipnbpfms.pnbindia.in","apipnbpfms.pnbindia.in","C=US, O=DigiCert Inc, CN=GeoTrust EV RSA CA G2"
16780506434,2025-02-20,2024-08-08,2025-08-12,"hlvkyc.pnbindia.in","hlvkyc.pnbindia.in","C=US, O=DigiCert Inc, CN=GeoTrust EV RSA CA G2"
16780535904,2025-02-20,2024-08-20,2025-08-29,"slbcchandigarh.pnbindia.in","slbcchandigarh.pnbindia.in","C=US, O=DigiCert Inc, CN=GeoTrust EV RSA CA G2"
16781650846,2025-02-21,2024-10-01,2025-11-01,"slbcpunjab.pnbindia.in","slbcpunjab.pnbindia.in","C=US, O=DigiCert Inc, CN=GeoTrust EV RSA CA G2"
16781923686,2025-02-21,2024-11-07,2025-11-06,"pnbfirst.pnbindia.in","pnbfirst.pnbindia.in","C=US, O=DigiCert Inc, CN=GeoTrust EV RSA CA G2"
16781097915,2025-02-21,2025-02-21,2026-02-21,"digiel.pnbindia.in","digiel.pnbindia.in","C=US, O=DigiCert Inc, CN=GeoTrust EV RSA CA G2"
16781449974,2025-02-21,2025-02-21,2026-02-24,"uatdigitalca.pnbindia.in","uatdigitalca.pnbindia.in","C=US, O=DigiCert Inc, CN=GeoTrust EV RSA CA G2"
16888538988,2025-03-01,2025-03-01,2026-03-19,"pnbcbdcr.pnbindia.in","pnbcbdcr.pnbindia.in","C=US, O=DigiCert Inc, CN=GeoTrust EV RSA CA G2"
16963714827,2025-03-10,2025-03-10,2026-03-14,"onlinesb.pnbindia.in","onlinesb.pnbindia.in
www.onlinesb.pnbindia.in","C=US, O=DigiCert Inc, CN=GeoTrust EV RSA CA G2"
16967806588,2025-03-10,2025-03-10,2026-03-18,"uatdigitalca-vcs.pnbindia.in","uatdigitalca-vcs.pnbindia.in","C=US, O=DigiCert Inc, CN=GeoTrust EV RSA CA G2"
16967807255,2025-03-10,2025-03-10,2026-03-12,"uatonlinesb.pnbindia.in","uatonlinesb.pnbindia.in
www.uatonlinesb.pnbindia.in","C=US, O=DigiCert Inc, CN=GeoTrust EV RSA CA G2"
17416836464,2025-03-26,2025-03-26,2026-04-23,"uategodam.pnbindia.in","uategodam.pnbindia.in","C=US, O=DigiCert Inc, CN=GeoTrust EV RSA CA G2"
17416843927,2025-03-26,2024-04-23,2025-04-22,"uategodam.pnbindia.in","uategodam.pnbindia.in","C=US, O=DigiCert Inc, CN=GeoTrust EV RSA CA G2"
17434425802,2025-03-27,2025-03-27,2026-04-27,"pnbtfr.pnbindia.in","pnbtfr.pnbindia.in","C=US, O=DigiCert Inc, CN=GeoTrust EV RSA CA G2"
17461361732,2025-03-28,2025-03-28,2026-03-27,"pnbpuducherrydatapi.pnbindia.in","pnbpuducherrydatapi.pnbindia.in","C=US, O=DigiCert Inc, CN=GeoTrust EV RSA CA G2"
17461378557,2025-03-28,2025-03-28,2026-03-27,"pnbpuducherrydat.pnbindia.in","pnbpuducherrydat.pnbindia.in","C=US, O=DigiCert Inc, CN=GeoTrust EV RSA CA G2"
17574503904,2025-04-02,2025-04-02,2026-04-10,"applications.pnbindia.in","applications.pnbindia.in","C=US, O=DigiCert Inc, CN=GeoTrust EV RSA CA G2"
17859306662,2025-04-15,2025-04-15,2026-04-16,"analytics.pnbindia.in","analytics.pnbindia.in
www.analytics.pnbindia.in","C=US, O=DigiCert Inc, CN=GeoTrust EV RSA CA G2"
17859319068,2025-04-15,2024-04-09,2025-04-16,"analytics.pnbindia.in","analytics.pnbindia.in
www.analytics.pnbindia.in","C=US, O=DigiCert Inc, CN=GeoTrust EV RSA CA G2"
17861067792,2025-04-15,2025-04-15,2026-04-16,"analytics.pnbindia.in","analytics.pnbindia.in
www.analytics.pnbindia.in","C=US, O=DigiCert Inc, CN=GeoTrust EV RSA CA G2"
17878507814,2025-04-16,2025-04-16,2026-04-17,"elvkyc.pnbindia.in","elvkyc.pnbindia.in","C=US, O=DigiCert Inc, CN=GeoTrust EV RSA CA G2"
17878500551,2025-04-16,2024-05-31,2025-06-04,"digitalca.pnbindia.in","digitalca.pnbindia.in","C=US, O=DigiCert Inc, CN=GeoTrust EV RSA CA G2"
17878521156,2025-04-16,2025-04-16,2026-04-17,"vlvkyc.pnbindia.in","vlvkyc.pnbindia.in","C=US, O=DigiCert Inc, CN=GeoTrust EV RSA CA G2"
17994026603,2025-04-22,2025-04-22,2026-05-23,"udaan.pnbindia.in","udaan.pnbindia.in","C=US, O=DigiCert Inc, CN=GeoTrust EV RSA CA G2"
18264457303,2025-05-07,2025-05-07,2026-06-07,"uat2instaloans.pnbindia.in","uat2instaloans.pnbindia.in","C=US, O=DigiCert Inc, CN=GeoTrust EV RSA CA G2"
18264640651,2025-05-07,2025-05-07,2026-06-06,"digitalca.pnbindia.in","digitalca.pnbindia.in","C=US, O=DigiCert Inc, CN=GeoTrust EV RSA CA G2"
18264730176,2025-05-07,2025-05-07,2026-06-06,"digitalca-vcs.pnbindia.in","digitalca-vcs.pnbindia.in","C=US, O=DigiCert Inc, CN=GeoTrust EV RSA CA G2"
18264826672,2025-05-07,2025-05-07,2026-06-07,"uatonlinesb2.pnbindia.in","uatonlinesb2.pnbindia.in","C=US, O=DigiCert Inc, CN=GeoTrust EV RSA CA G2"
18264884203,2025-05-07,2025-05-07,2026-06-07,"uatonlinevcs2.pnbindia.in","uatonlinevcs2.pnbindia.in","C=US, O=DigiCert Inc, CN=GeoTrust EV RSA CA G2"
18285047933,2025-05-08,2025-05-08,2026-05-07,"uatdigitaldairykcc.pnbindia.in","uatdigitaldairykcc.pnbindia.in","C=US, O=DigiCert Inc, CN=GeoTrust EV RSA CA G2"
18286132475,2025-05-08,2025-05-08,2026-06-08,"www.pnbindia.in","pnbindia.in
www.pnbindia.in","C=US, O=DigiCert Inc, CN=GeoTrust EV RSA CA G2"
18304520624,2025-05-09,2025-05-09,2026-06-09,"beta.pnbindia.in","beta.pnbindia.in","C=US, O=DigiCert Inc, CN=GeoTrust EV RSA CA G2"
18397166077,2025-05-14,2025-05-14,2026-05-13,"pnbvkyc.pnbindia.in","pnbvkyc.pnbindia.in","C=US, O=DigiCert Inc, CN=GeoTrust EV RSA CA G2"
18397305015,2025-05-14,2025-05-14,2026-05-13,"pnbvkyc-agent.pnbindia.in","pnbvkyc-agent.pnbindia.in","C=US, O=DigiCert Inc, CN=GeoTrust EV RSA CA G2"
18398296287,2025-05-14,2025-05-14,2026-05-13,"pnbvkyc-agentadmin.pnbindia.in","pnbvkyc-agentadmin.pnbindia.in","C=US, O=DigiCert Inc, CN=GeoTrust EV RSA CA G2"
18398313291,2025-05-14,2025-05-14,2026-05-13,"pnbvkyc-auditor.pnbindia.in","pnbvkyc-auditor.pnbindia.in","C=US, O=DigiCert Inc, CN=GeoTrust EV RSA CA G2"
18398326934,2025-05-14,2025-05-14,2026-05-13,"pnbvkyc-auditoradmin.pnbindia.in","pnbvkyc-auditoradmin.pnbindia.in","C=US, O=DigiCert Inc, CN=GeoTrust EV RSA CA G2"
18418127610,2025-05-15,2025-05-15,2026-05-14,"uatdigidairykcc.pnbindia.in","uatdigidairykcc.pnbindia.in","C=US, O=DigiCert Inc, CN=GeoTrust EV RSA CA G2"
18517820241,2025-05-20,2025-05-20,2026-06-20,"pnbpfms.pnbindia.in","pnbpfms.pnbindia.in","C=US, O=DigiCert Inc, CN=GeoTrust EV RSA CA G2"
18517834615,2025-05-20,2025-05-20,2026-06-20,"apipnbpfms.pnbindia.in","apipnbpfms.pnbindia.in","C=US, O=DigiCert Inc, CN=GeoTrust EV RSA CA G2"
18554675200,2025-05-22,2025-05-22,2025-11-18,"ckycr-admin.pnbindia.in","ckycr-admin.pnbindia.in","C=US, O=DigiCert Inc, CN=GeoTrust EV RSA CA G2"
18649031945,2025-05-27,2025-05-27,2026-06-27,"pfms.pnbindia.in","pfms.pnbindia.in","C=US, O=DigiCert Inc, CN=GeoTrust EV RSA CA G2"
19239275037,2025-06-25,2025-06-25,2026-06-24,"udaantest.pnbindia.in","udaantest.pnbindia.in","C=US, O=DigiCert Inc, CN=GeoTrust EV RSA CA G2"
19503299321,2025-07-07,2025-07-07,2026-08-07,"hlvkyc.pnbindia.in","hlvkyc.pnbindia.in","C=US, O=DigiCert Inc, CN=GeoTrust EV RSA CA G2"
19503349514,2025-07-07,2025-07-07,2026-08-07,"plvkyc-vcs.pnbindia.in","plvkyc-vcs.pnbindia.in","C=US, O=DigiCert Inc, CN=GeoTrust EV RSA CA G2"
19503372118,2025-07-07,2025-07-07,2026-08-07,"plvkyc.pnbindia.in","plvkyc.pnbindia.in","C=US, O=DigiCert Inc, CN=GeoTrust EV RSA CA G2"
19503403280,2025-07-07,2025-07-07,2026-08-07,"hlvkyc-vcs.pnbindia.in","hlvkyc-vcs.pnbindia.in","C=US, O=DigiCert Inc, CN=GeoTrust EV RSA CA G2"
19509577321,2025-07-07,2025-05-08,2026-06-08,"www.pnbindia.in","pnbindia.in
www.pnbindia.in","C=US, O=DigiCert Inc, CN=GeoTrust EV RSA CA G2"
19655549163,2025-07-14,2025-07-14,2026-08-14,"pfmsrrb.pnbindia.in","pfmsrrb.pnbindia.in","C=US, O=DigiCert Inc, CN=GeoTrust EV RSA CA G2"
19655576449,2025-07-14,2024-12-12,2025-09-30,"pfmsrrb.pnbindia.in","pfmsrrb.pnbindia.in","C=US, O=DigiCert Inc, CN=GeoTrust EV RSA CA G2"
19682498037,2025-07-15,2025-07-15,2026-07-14,"digivkyc.pnbindia.in","digivkyc.pnbindia.in","C=US, O=DigiCert Inc, CN=GeoTrust EV RSA CA G2"
19810572247,2025-07-21,2025-07-21,2026-07-19,"pfms.pnbindia.in","pfms.pnbindia.in","C=US, O=DigiCert Inc, CN=GeoTrust EV RSA CA G2"
20199628642,2025-08-08,2024-10-08,2025-10-08,"uatdvl.pnbindia.in","uatdvl.pnbindia.in","C=US, O=DigiCert Inc, CN=GeoTrust EV RSA CA G2"
20285969226,2025-08-12,2024-10-14,2025-10-15,"digigoldloan.pnbindia.in","digigoldloan.pnbindia.in","C=US, O=DigiCert Inc, CN=GeoTrust EV RSA CA G2"
20623969070,2025-08-28,2025-03-01,2026-03-19,"pnbcbdcr.pnbindia.in","pnbcbdcr.pnbindia.in","C=US, O=DigiCert Inc, CN=GeoTrust EV RSA CA G2"
20624507142,2025-08-28,2024-11-04,2025-11-05,"pnbuatcbdc.pnbindia.in","pnbuatcbdc.pnbindia.in","C=US, O=DigiCert Inc, CN=GeoTrust EV RSA CA G2"
20866390124,2025-09-08,2025-09-08,2026-09-10,"eboardtest.pnbindia.in","eboardtest.pnbindia.in","C=US, O=DigiCert Inc, CN=GeoTrust EV RSA CA G2"
21514884621,2025-10-06,2025-10-06,2026-10-05,"icms.pnbindia.in","icms.pnbindia.in","C=US, O=DigiCert Inc, CN=GeoTrust EV RSA CA G2"
21514906613,2025-10-06,2024-10-05,2025-10-08,"icms.pnbindia.in","icms.pnbindia.in","C=US, O=DigiCert Inc, CN=GeoTrust EV RSA CA G2"
21566379449,2025-10-08,2025-03-28,2026-03-27,"pnbpuducherrydat.pnbindia.in","pnbpuducherrydat.pnbindia.in","C=US, O=DigiCert Inc, CN=GeoTrust EV RSA CA G2"
22523298156,2025-11-16,2025-05-14,2026-05-13,"pnbvkyc-auditor.pnbindia.in","pnbvkyc-auditor.pnbindia.in","C=US, O=DigiCert Inc, CN=GeoTrust EV RSA CA G2"
22523300163,2025-11-16,2025-05-14,2026-05-13,"pnbvkyc-agent.pnbindia.in","pnbvkyc-agent.pnbindia.in","C=US, O=DigiCert Inc, CN=GeoTrust EV RSA CA G2"
22523325494,2025-11-16,2025-04-02,2026-04-10,"applications.pnbindia.in","applications.pnbindia.in","C=US, O=DigiCert Inc, CN=GeoTrust EV RSA CA G2"
22523390077,2025-11-16,2025-03-26,2026-04-23,"uategodam.pnbindia.in","uategodam.pnbindia.in","C=US, O=DigiCert Inc, CN=GeoTrust EV RSA CA G2"
22523391203,2025-11-16,2025-05-09,2026-06-09,"beta.pnbindia.in","beta.pnbindia.in","C=US, O=DigiCert Inc, CN=GeoTrust EV RSA CA G2"
22523418848,2025-11-16,2025-05-14,2026-05-13,"pnbvkyc.pnbindia.in","pnbvkyc.pnbindia.in","C=US, O=DigiCert Inc, CN=GeoTrust EV RSA CA G2"
22523419227,2025-11-16,2025-04-22,2026-05-23,"udaan.pnbindia.in","udaan.pnbindia.in","C=US, O=DigiCert Inc, CN=GeoTrust EV RSA CA G2"
